insert into categories (id, slug, name_ar, name_fr, name_en) values
('c1','electronics','إلكترونيات','Électronique','Electronics'),
('c2','appliances','أجهزة منزلية','Électroménager','Appliances'),
('c3','tools','أدوات ومعدات','Outillage','Tools'),
('c4','agriculture','فلاحة وسقي','Agriculture','Agriculture'),
('c5','fishing','صيد وبحر','Pêche','Fishing'),
('c6','construction','بناء وورش','Construction','Construction'),
('c7','fashion','أزياء','Mode','Fashion'),
('c8','food','مواد غذائية','Alimentation','Food');

insert into users (id, email, full_name, phone, role, locale) values
('u1','seller1@souqrahba.test','TechZone Casa Owner','0600000001','seller','ar'),
('u2','seller2@souqrahba.test','Marine Supply Owner','0600000002','seller','ar'),
('u3','buyer1@souqrahba.test','Buyer Demo','0600000003','buyer','ar');

insert into sellers (id, owner_user_id, slug, display_name, city, verified, kyc_status, rating) values
('s1','u1','techzone-casa','TechZone Casa','الدار البيضاء',1,'approved',4.7),
('s2','u2','marine-supply','Marine Supply','العرائش',1,'approved',4.9);

insert into products (
  id,
  seller_id,
  slug,
  title_ar,
  title_fr,
  title_en,
  description_ar,
  category_id,
  product_kind,
  condition_label,
  sku,
  brand,
  price_mad,
  compare_at_mad,
  stock,
  weight_kg,
  shipping_class,
  status
) values
(
  'p1',
  's1',
  'samsung-galaxy-a55',
  'هاتف Samsung Galaxy A55',
  'Samsung Galaxy A55',
  'Samsung Galaxy A55',
  'هاتف متوسط-عالي الأداء مع شاشة AMOLED وبطارية طويلة.',
  'c1',
  'physical',
  'new',
  'SGA55-001',
  'Samsung',
  3499,
  3999,
  8,
  0.3,
  'standard',
  'active'
),
(
  'p2',
  's1',
  'inverter-refrigerator-14ft',
  'ثلاجة Inverter 14 قدم',
  'Réfrigérateur Inverter 14 pieds',
  'Inverter Refrigerator 14ft',
  'ثلاجة اقتصادية مناسبة للمنازل والمتاجر الصغيرة.',
  'c2',
  'physical',
  'new',
  'RFG-14-002',
  'Electro Rahba',
  5490,
  6190,
  6,
  42,
  'heavy',
  'active'
),
(
  'p3',
  's1',
  'hammer-drill-1050w',
  'دريل مطرقي 1050W',
  'Perceuse à percussion 1050W',
  'Hammer Drill 1050W',
  'مثقاب قوي للأعمال المنزلية والمهنية الخفيفة.',
  'c3',
  'physical',
  'new',
  'HDR-1050-003',
  'Atlas Tools',
  890,
  1090,
  21,
  2.2,
  'standard',
  'active'
),
(
  'p4',
  's2',
  'insulated-fish-box-500l',
  'صندوق حفظ السمك معزول 500L',
  'Caisse isotherme poisson 500L',
  'Insulated Fish Box 500L',
  'صندوق قوي لحفظ السمك ونقل المنتوج الطري.',
  'c5',
  'physical',
  'new',
  'FBOX-500-004',
  'Marine Supply',
  2650,
  2900,
  9,
  12,
  'bulky',
  'active'
);

insert into product_media (id, product_id, media_type, url, alt_text, sort_order) values
('pm1','p1','image','https://images.unsplash.com/photo-1511707171634-5f897ff02aa9?q=80&w=1200&auto=format&fit=crop','Samsung Galaxy A55',0),
('pm2','p2','image','https://images.unsplash.com/photo-1584568694244-14fbdf83bd30?q=80&w=1200&auto=format&fit=crop','Inverter Refrigerator',0),
('pm3','p3','image','https://images.unsplash.com/photo-1504148455328-c376907d081c?q=80&w=1200&auto=format&fit=crop','Hammer Drill',0),
('pm4','p4','image','https://images.unsplash.com/photo-1563299796-17596ed6b017?q=80&w=1200&auto=format&fit=crop','Fish Box',0);
